Metrica	Valor
TP	4
FP	286
FN	172
TN	9438
Precision	0.0137931034482759
Recall	0.0227272727272727
F1_score	0.0171673819742489
Accuracy	0.953737373737374
Specificity	0.970588235294118
