Metrica	Valor
TP	8
FP	267
FN	168
TN	9457
Precision	0.0290909090909091
Recall	0.0454545454545455
F1_score	0.0354767184035477
Accuracy	0.956060606060606
Specificity	0.972542163718634
