Metrica	Valor
TP	6
FP	20
FN	9
TN	55
Precision	0.230769230769231
Recall	0.4
F1_score	0.292682926829268
Accuracy	0.677777777777778
Specificity	0.733333333333333
