Metrica	Valor
TP	3
FP	19
FN	12
TN	56
Precision	0.136363636363636
Recall	0.2
F1_score	0.162162162162162
Accuracy	0.655555555555556
Specificity	0.746666666666667
