Metrica	Valor
TP	3
FP	22
FN	12
TN	53
Precision	0.12
Recall	0.2
F1_score	0.15
Accuracy	0.622222222222222
Specificity	0.706666666666667
