Metrica	Valor
TP	5
FP	12
FN	10
TN	63
Precision	0.294117647058824
Recall	0.333333333333333
F1_score	0.3125
Accuracy	0.755555555555556
Specificity	0.84
