Metrica	Valor
TP	6
FP	281
FN	170
TN	9443
Precision	0.0209059233449477
Recall	0.0340909090909091
F1_score	0.0259179265658747
Accuracy	0.954444444444444
Specificity	0.97110242698478
