Metrica	Valor
TP	10
FP	272
FN	166
TN	9452
Precision	0.0354609929078014
Recall	0.0568181818181818
F1_score	0.0436681222707424
Accuracy	0.955757575757576
Specificity	0.972027972027972
