Metrica	Valor
TP	4
FP	15
FN	11
TN	60
Precision	0.210526315789474
Recall	0.266666666666667
F1_score	0.235294117647059
Accuracy	0.711111111111111
Specificity	0.8
