Metrica	Valor
TP	5
FP	19
FN	10
TN	56
Precision	0.208333333333333
Recall	0.333333333333333
F1_score	0.256410256410256
Accuracy	0.677777777777778
Specificity	0.746666666666667
