Metrica	Valor
TP	5
FP	22
FN	10
TN	53
Precision	0.185185185185185
Recall	0.333333333333333
F1_score	0.238095238095238
Accuracy	0.644444444444444
Specificity	0.706666666666667
