Gene	Position	Rule	Correct	N_Regulators	MSE	Score
G1	1	G1 & (G4 | G7)	18	3	0.227083	2.6104
G10	1	G4 & G6 & G8	19	3	0.318946	2.5686
G2	2	G2 & G6 & G7	18	3	0.545711	2.2918
G3	1	~G3 | ~G6 | ~G8	19	3	0.283501	2.604
G4	1	G4 | (G8 & ~G10)	19	3	0.117855	2.7696
G5	1	~G8 | (G5 & G7)	19	3	0.098803	2.7887
G6	2	G10 & (G5 | G8)	20	3	0.162926	2.7746
G7	1	G4 | G7 | G9	18	3	0.286468	2.551
G8	1	G1 & G3	18	2	0.218828	2.6187
G9	1	G10 & G2 & G5	19	3	0.218777	2.6687
