Metrica	Valor
TP	7
FP	269
FN	169
TN	9455
Precision	0.0253623188405797
Recall	0.0397727272727273
F1_score	0.0309734513274336
Accuracy	0.955757575757576
Specificity	0.972336487042369
