Metrica	Valor
TP	4
FP	20
FN	11
TN	55
Precision	0.166666666666667
Recall	0.266666666666667
F1_score	0.205128205128205
Accuracy	0.655555555555556
Specificity	0.733333333333333
